config,mode,operation,n,mean_ms,p50_ms,p95_ms,p99_ms,min_ms,max_ms,ops_per_sec
A,NORMALIZED,read_feed,40,5.756,5.492,11.877,14.319,1.202,14.319,173.74
A,NORMALIZED,read_graph,60,0.761,1.027,1.914,2.023,0.001,3.093,1313.51
A,NORMALIZED,read_post,200,1.423,1.325,1.894,2.802,0.958,5.652,702.94
A,NORMALIZED,read_search,30,0.079,0.071,0.116,0.172,0.063,0.172,12726.1
A,NORMALIZED,write_comment,60,5.766,5.568,6.641,7.222,4.614,8.907,173.44
A,NORMALIZED,write_follow,120,1.749,1.692,2.294,3.313,0.918,3.477,571.72
A,NORMALIZED,write_post,160,4.601,4.446,5.68,8.623,3.597,9.548,217.32
A,NORMALIZED,write_user,40,61.784,60.312,71.047,78.728,57.629,78.728,16.19
B,DENORMALIZED,read_feed,40,5.737,5.477,13.322,15.403,1.095,15.403,174.31
B,DENORMALIZED,read_graph,60,0.676,1.128,1.532,1.76,0.001,1.768,1478.46
B,DENORMALIZED,read_post,200,1.64,1.476,2.123,4.98,0.99,10.416,609.79
B,DENORMALIZED,read_search,30,0.077,0.07,0.103,0.171,0.061,0.171,12992.65
B,DENORMALIZED,write_comment,60,7.695,7.674,8.578,8.995,6.395,11.578,129.95
B,DENORMALIZED,write_follow,120,1.795,1.76,2.162,2.485,1.167,3.168,557.2
B,DENORMALIZED,write_post,160,6.961,6.795,8.252,8.922,5.358,22.748,143.67
B,DENORMALIZED,write_user,40,61.845,59.932,73.097,80.435,57.445,80.435,16.17
C,SHARDED,read_feed,40,5.925,5.733,11.93,17.37,1.38,17.37,168.78
C,SHARDED,read_graph,60,1.974,3.302,4.176,4.493,0.001,6.042,506.63
C,SHARDED,read_post,200,1.419,1.407,1.745,1.941,1.071,2.213,704.67
C,SHARDED,read_search,30,0.085,0.071,0.197,0.202,0.063,0.202,11802.01
C,SHARDED,write_comment,60,5.89,5.833,8.051,8.731,4.595,9.439,169.78
C,SHARDED,write_follow,120,2.448,2.394,3.004,4.701,1.152,5.205,408.41
C,SHARDED,write_post,160,4.805,4.473,6.004,10.921,3.58,18.453,208.1
C,SHARDED,write_user,40,68.191,63.965,82.02,120.06,58.968,120.06,14.66
D,SHARDED_REPLICATED,read_feed,40,6.231,6.132,12.266,17.287,1.371,17.287,160.5
D,SHARDED_REPLICATED,read_graph,60,1.793,3.019,3.839,4.08,0.001,6.679,557.84
D,SHARDED_REPLICATED,read_post,200,1.405,1.347,1.72,1.934,1.081,6.123,711.74
D,SHARDED_REPLICATED,read_search,30,0.075,0.07,0.107,0.126,0.063,0.126,13295.36
D,SHARDED_REPLICATED,write_comment,60,6.804,6.15,9.286,14.83,5.174,15.433,146.97
D,SHARDED_REPLICATED,write_follow,120,2.932,2.832,4.076,5.584,1.279,6.066,341.07
D,SHARDED_REPLICATED,write_post,160,4.713,4.55,5.749,7.355,3.76,9.811,212.17
D,SHARDED_REPLICATED,write_user,40,63.586,61.013,81.689,87.297,58.063,87.297,15.73
E,SHARDED_CACHED,read_feed,40,6.036,5.91,11.983,14.9,1.347,14.9,165.67
E,SHARDED_CACHED,read_graph,60,1.826,3.178,3.712,4.6,0.001,6.029,547.63
E,SHARDED_CACHED,read_post,200,0.778,0.106,1.975,2.174,0.062,2.319,1284.9
E,SHARDED_CACHED,read_search,30,0.079,0.07,0.115,0.174,0.063,0.174,12720.54
E,SHARDED_CACHED,write_comment,60,6.265,6.27,8.336,9.361,4.233,9.478,159.61
E,SHARDED_CACHED,write_follow,120,2.826,2.748,3.574,4.875,1.395,4.966,353.82
E,SHARDED_CACHED,write_post,160,4.556,4.474,5.198,7.196,3.461,7.792,219.47
E,SHARDED_CACHED,write_user,40,62.309,60.303,74.198,86.452,57.613,86.452,16.05
F,FULL_DISTRIBUTED,read_feed,40,5.948,5.855,11.164,15.483,1.268,15.483,168.13
F,FULL_DISTRIBUTED,read_graph,60,1.647,2.954,3.251,3.423,0.001,5.099,607.07
F,FULL_DISTRIBUTED,read_post,200,0.716,0.091,1.826,1.945,0.061,2.121,1397.46
F,FULL_DISTRIBUTED,read_search,30,0.079,0.071,0.115,0.14,0.063,0.14,12627.95
F,FULL_DISTRIBUTED,write_comment,60,7.71,7.58,10.133,11.308,5.559,12.148,129.69
F,FULL_DISTRIBUTED,write_follow,120,2.779,2.733,3.644,4.642,1.431,4.652,359.85
F,FULL_DISTRIBUTED,write_post,160,6.591,6.321,8.996,10.323,5.141,13.645,151.73
F,FULL_DISTRIBUTED,write_user,40,61.906,59.587,69.814,98.266,57.888,98.266,16.15
